"tanggal","id_area","stok_awal_level_meter","total_pengisian","total_pemakaian","stok_akhir_level_meter","loss_kalkulasi","status_loss"
2026-10-08,KAP-1,13268.00,7000.00,5003.00,8400.00,6865.00,SELISIH
2026-09-15,KAP-1,22228.00,0.00,2292.00,19936.00,0.00,AMAN
2026-09-15,KAP-2,19523.09,0.00,1563.80,17959.29,0.00,AMAN
2026-09-16,KAP-1,19936.00,0.00,2322.00,17614.00,0.00,AMAN
2026-09-16,KAP-2,17959.29,0.00,-6150.71,24110.00,0.00,AMAN
2026-09-17,KAP-1,17614.00,7204.00,8036.00,15488.00,1294.00,SELISIH
2026-09-17,KAP-2,24110.00,0.00,427.21,23682.79,0.00,AMAN
2026-09-18,KAP-1,15488.00,0.00,-5000.00,20488.00,0.00,AMAN
2026-09-18,KAP-2,23682.79,0.00,1541.04,22141.75,0.00,AMAN
2026-09-19,KAP-1,20488.00,0.00,2680.00,17808.00,0.00,AMAN
2026-09-19,KAP-2,22141.75,0.00,1387.21,20754.54,0.00,AMAN
2026-09-21,KAP-1,17808.00,0.00,1368.00,16440.00,0.00,AMAN
2026-09-21,KAP-2,20754.54,0.00,1120.54,19634.00,0.00,AMAN
2026-09-22,KAP-1,16440.00,7394.00,8004.00,13802.00,2028.00,SELISIH
2026-09-22,KAP-2,19634.00,0.00,1324.00,18310.00,0.00,AMAN
2026-09-23,KAP-1,13802.00,0.00,-5028.00,18830.00,0.00,AMAN
2026-09-23,KAP-2,18310.00,0.00,1631.00,16679.00,0.00,AMAN
2026-09-24,KAP-1,18830.00,0.00,1908.00,16922.00,0.00,AMAN
2026-09-24,KAP-2,16679.00,0.00,-7161.71,23840.71,0.00,AMAN
2026-09-25,KAP-1,16922.00,0.00,2238.00,14684.00,0.00,AMAN
2026-09-25,KAP-2,23840.71,0.00,1287.71,22553.00,0.00,AMAN
2026-09-26,KAP-1,14684.00,0.00,1879.00,12805.00,0.00,AMAN
2026-09-26,KAP-2,22553.00,0.00,1250.51,21302.49,0.00,AMAN
2026-09-28,KAP-1,12805.00,7478.00,7856.50,9958.00,2468.50,SELISIH
2026-09-28,KAP-2,21302.49,0.00,1512.49,19790.00,0.00,AMAN
2026-09-29,KAP-1,9958.00,0.00,-5296.00,15254.00,0.00,AMAN
2026-09-29,KAP-2,19790.00,0.00,1007.77,18782.23,0.00,AMAN
2026-09-30,KAP-1,15254.00,6952.00,8086.50,13268.00,851.50,SELISIH
2026-09-30,KAP-2,18782.23,0.00,1405.61,17376.62,0.00,AMAN
