STOCK 12 SEPT;ACT;SAP;GAP;;;;;;;;;;;;;;;;;;;;;;;;;;;;
KAP 1;22358;65285;-23343;;;;;;;;;;;;;;;;;;;;;;;;;;;;
KAP 2;19584;;;;;;;;;;;;;;;;;;;;;;;;;;;;;;
;41942;;;;;;;;;;;;;;;;;;;;;;;;;;;;;;
;;;;;;;;;;;;;;;;;;;;;;;;;;;;;;;
Sept;1;2;3;4;5;6;7;8;9;10;11;12;13;14;15;16;17;18;19;20;21;22;23;24;25;26;27;28;29;30;
KAP 1;;;;;;;;;;;;;;22228;19936;17614;15488;20488;17808;;16440;13802;18830;16922;14684;12805;;9958;15254;13268;
FLOWMETER;;;;;;;;;;;;;;;;;8036;;;;;8004;;;;;;7856.5;;8086.5;
BEFORE PENGISIAN;;;;;;;;;;;;;;;;;14482;;;;;12892;;;;;;9080;;12446;
AFTER PENGISIAN;;;;;;;;;;;;;;;;;21686;;;;;20286;;;;;;16558;;19398;
KAP 2;;;;;;;;;;;;;;19523.09;17959.29;24110;23682.79;22141.75;20754.54;;19634;18310;16679;23840.71;22553;21302.49;;19790;18782.23;17376.62;
BEFORE PENGISIAN;;;;;;;;;;;;;;;17378.02;;;;;;;;16326;;;;;;;;
AFTER PENGISIAN;;;;;;;;;;;;;;;24110;;;;;;;;24110;;;;;;;;
;;;;;;;;;;;;;;;;;;;;;;;;;;;;;;;
Oktober;1;2;3;4;5;6;7;8;9;10;11;12;13;14;15;16;17;18;19;20;21;22;23;24;25;26;27;28;29;30;31
KAP 1;18136;16108;13748;11288;;16736;14568;;;;;;;;;;;;;;;;;;;;;;;;
FLOWMETER;;;;7763.7;;;;;;;;;;;;;;;;;;;;;;;;;;;
BEFORE PENGISIAN;;;;10460;;;;;;;;;;;;;;;;;;;;;;;;;;;
AFTER PENGISIAN;;;;17938;;;;;;;;;;;;;;;;;;;;;;;;;;;
KAP 2;16152.22;22920.1;21299.65;20364.86;;18875.4;25501;;;;;;;;;;;;;;;;;;;;;;;;
BEFORE PENGISIAN;15142.3;;;;;17933.19;;;;;;;;;;;;;;;;;;;;;;;;;
AFTER PENGISIAN;23773.67;;;;;24110;;;;;;;;;;;;;;;;;;;;;;;;;
